run_id,gradient_strength_T_m,pulse_duration_s,detected_y_mm,temperature_k,system_status
95143,0.9538,1.0,-0.6854458936886649,1.9955130350147299,OK
47965,0.1307,4.0,-1.266004293687762,1.941220251440504,OK
22545,0.9174,2.0,0.15219388598404404,2.045981799890717,OK
38784,0.0435,1.0,0.9503609499639575,2.165784502267711,OK
11122,0.6918,1.0,-0.4036305231544727,1.9268645679389735,OK
15204,0.7875,3.0,5.877553054607782,2.0117912065619312,OK
95171,0.8129,5.0,18.545805949509145,2.0041265881200503,OK
50372,0.9432,3.0,,2.0555672280564727,OK
17629,0.9176,2.0,-4.123978006698678,1.95954294351681,OK
44172,0.4873,4.0,-7.768564555275162,1.9194526637086766,OK
74838,0.4375,4.0,1.4233561707501712,1.871575562631506,OK
89235,0.7484,2.0,-5.646853008445795,2.099462518025966,OK
23329,0.5196,4.0,-11.140191671277641,1.9174385317176466,OK
13823,0.874,4.0,-0.653391066396033,2.1069155468398777,OK
64979,0.9077,2.0,-1.5305799034087655,2.024512718580071,OK
11774,0.4711,4.0,8.684469335794311,1.9188521886469823,OK
49105,0.1614,5.0,-1.665914581546658,1.9506216691188731,OK
80061,0.2925,3.0,1.537696955008104,2.0929444186478836,OK
18588,0.7551,3.0,-6.861596166092935,1.9888807118504654,OK
75745,0.7562,5.0,-19.466537507243867,2.0239165095777354,OK
10197,0.0151,2.0,1.497175620661848,1.842891533287476,OK
69012,0.0612,3.0,2.4500661274504436,1.9776536246868004,OK
36035,0.7219,2.0,-3.0188486398407406,1.961723663530175,OK
63907,0.3523,4.0,-4.896397849523949,2.047288269244888,OK
60299,0.7861,4.0,,2.090454213916271,OK
12516,0.2713,4.0,4.559109130745593,2.0281903071510614,OK
39659,0.5094,1.0,0.8000630003044169,1.9448911419468822,OK
57336,0.986,5.0,,1.9928493145156532,OK
46318,0.7377,4.0,-14.219526971165122,1.9647767434063539,OK
25904,0.4368,3.0,-4.312228811901385,2.040649804513238,OK
72121,0.1447,3.0,,2.0418691378984826,OK
21158,0.3784,4.0,-1.9521023810789382,1.8903081089899425,OK
26198,0.6264,1.0,-0.17510067393869597,2.125387685659543,OK
40196,0.1356,3.0,2.7244910209485065,2.0531903563196776,OK
15063,0.0552,1.0,-0.725690398119891,2.024543270831149,OK
91784,0.8779,5.0,-7.488110549080166,1.9988296766228781,OK
49400,0.0092,4.0,1.6897797228236264,2.017613090112312,OK
71825,0.6489,4.0,19.276987189964952,2.0310206443782355,OK
24815,0.2291,1.0,-1.0402449265262885,2.0207765460392757,OK
97013,0.408,5.0,7.997788089663568,1.9707846617230365,OK
34221,0.5072,3.0,-3.2854092989056447,1.9535202289570563,OK
62735,0.2866,2.0,0.05204404311995792,2.0639398425138893,OK
82357,0.604,4.0,4.134077774781664,1.9888368929790066,OK
47211,0.5725,2.0,-1.1671846702894568,1.9879614688412475,ERROR_SYNC
89768,0.3437,3.0,-0.5024525026369235,1.9152352467430935,OK
76562,0.2441,3.0,-3.978169301544511,2.018077696197117,OK
44855,0.9098,5.0,,1.9020283278074543,OK
31612,0.5935,3.0,0.3553909764985028,1.9961509153527783,OK
74201,0.9445,2.0,,1.9882873839318904,OK
37193,0.355,4.0,-0.4642444843469771,1.9814543144634633,OK
54307,0.9922,2.0,-1.2454582675284218,2.0210528813302733,OK
67944,0.6154,2.0,-1.3194916375928365,2.013627136834297,OK
64989,0.3798,3.0,-1.389545812575988,2.0635444778679757,OK
99840,0.3086,3.0,-5.2566850129398,2.0015601353929147,OK
71610,0.7224,1.0,0.5113517817060097,1.9312300564387423,OK
46676,0.3306,5.0,-0.8755674618909921,2.0257273732293273,OK
60219,0.0907,1.0,0.16556288359243942,1.9888469748566349,OK
90195,0.028,2.0,0.5990947137289809,2.0321723827263747,OK
69345,0.3099,5.0,-2.6758693706148264,2.026032481594193,OK
75715,0.6646,1.0,0.4024242923297905,1.9818602248950854,OK
38016,0.8649,4.0,-14.483814588315907,1.857011689238275,OK
44438,0.4804,2.0,3.601867756198467,1.9512091673511165,OK
45823,0.9209,5.0,24.33297372058561,1.852695928360074,OK
87947,0.7505,4.0,-12.89978464875951,2.052538446937226,OK
15382,0.9082,5.0,-1.576721378623431,2.03847479243021,OK
94203,0.7992,3.0,1.544691571726552,1.9575534914329207,OK
56219,0.5447,3.0,4.103811938776082,1.9387187149627751,OK
49643,0.0316,2.0,1.1667947255866256,1.9848133828192198,OK
58080,0.2593,5.0,-6.055553653300857,2.0352775500675104,OK
39787,0.1036,2.0,-2.577619515276659,2.04760728777364,OK
35930,0.4341,1.0,-0.45861329534878237,1.897387157548082,OK
21905,0.1158,1.0,0.9872083737576443,2.0275751000455497,OK
38722,0.7797,2.0,-0.06562670161971479,2.0157606914595028,OK
57543,0.207,2.0,-0.04251198959293387,2.0231741893848256,OK
87569,0.5906,2.0,-5.808747408646094,2.0219634623683795,OK
81256,0.7889,1.0,-0.7098156065033755,2.006919620306787,OK
25617,0.3071,5.0,-8.213657112781771,1.9611967090649753,OK
49514,0.4367,4.0,6.1127766348855275,2.034867447738254,OK
60171,0.5087,1.0,0.24296277990709353,1.9750450123209933,OK
95531,0.8109,3.0,-22.18120421924622,2.0010194195208353,OK
77473,0.6479,4.0,-8.894401114101004,2.0080053216783473,OK
72007,0.8932,4.0,-14.303533681674386,2.0081243207501007,OK
32758,0.4509,1.0,-1.1235705076610771,1.984419315474961,OK
69368,0.4497,3.0,2.0911926999741057,1.9983570916299638,OK
96869,0.5696,1.0,-0.32140751905130577,2.005947280314245,OK
64399,0.7739,4.0,-0.009891764749970285,2.0116385087962323,OK
87036,0.6958,1.0,-0.3554115776780672,2.0280375329112252,OK
18793,0.4408,1.0,-0.09192039215466286,2.0589826218861846,OK
43592,0.7749,2.0,-0.7377602728249286,1.9186874295630698,OK
43106,0.8746,3.0,1.1024951756468266,2.040635089180594,OK
10386,0.887,1.0,-0.7773566305062731,2.0584903859866612,OK
67924,0.231,3.0,0.9884723300851046,1.9098397716563569,OK
89473,0.8694,2.0,3.4904655105584244,2.0136848308357687,OK
20551,0.2259,3.0,-0.7867809702221853,2.048187669871883,OK
48757,0.8463,5.0,23.767747522423566,2.036878266954012,OK
65235,0.6932,2.0,1.398584621128427,1.9987069619584494,OK
42643,0.653,1.0,0.6071782353611178,1.9649182349798737,OK
90579,0.7015,1.0,,1.9925522474543023,ERROR_SYNC
16979,0.9221,1.0,-0.332677250426103,1.9818254727361795,OK
83612,0.7365,2.0,38.00383102305953,1.948831476382022,OK
25182,0.804,3.0,-0.3493593922364876,1.9933451498087071,OK
41849,0.1873,5.0,1.4261786520466422,2.0133163915562395,OK
32789,0.0381,2.0,,2.00146093324498,OK
77667,0.7903,3.0,-17.25769592742875,2.0141585799736075,OK
89099,0.6514,1.0,,1.9654497265646196,OK
56501,0.4283,1.0,1.1932481265072952,1.9766050862440259,OK
96185,0.811,3.0,0.5044351750957266,1.9749090181562383,OK
64703,0.55,2.0,0.025353443013132998,1.9722831287531544,OK
62650,0.3229,1.0,-37.00721860936054,2.0003341951361113,OK
30559,0.1849,4.0,,1.966176160469834,OK
83481,0.2036,3.0,1.9892630552330948,1.9450327414533402,OK
36367,0.1177,4.0,-5.279715824557707,1.986504107742644,OK
97850,0.5869,3.0,2.6809173071190733,1.9266301054733277,OK
47663,0.1795,4.0,0.7900015050299557,1.9235642027367699,OK
85106,0.5397,3.0,3.175015786453293,1.9970554117745098,OK
60056,0.6205,5.0,-16.44770429055454,1.9425947539816757,OK
66521,0.2296,5.0,-1.167323736942362,2.044770343373381,OK
17058,0.2177,3.0,0.13485945488854884,1.9752753255230513,OK
81437,0.837,2.0,4.980882028922586,2.0129507917043696,OK
83431,0.2885,3.0,-1.4676480270953944,1.9665770330913548,OK
56655,0.3588,2.0,-2.3858461850623183,1.9336425149764487,ERROR_SYNC
54280,0.2384,4.0,7.064256251622174,2.030834222016102,OK
14888,0.7466,4.0,4.155675822075068,1.9911013126266182,OK
49420,0.5895,4.0,-27.789671744242384,1.9321967349759128,OK
11504,0.3448,3.0,4.87911830290861,1.9865698129688425,OK
31266,0.5118,1.0,-1.086340507767249,1.976137725785996,OK
64366,0.8599,4.0,14.574532540272447,1.8885834743773342,OK
65470,0.8257,1.0,-0.9499875863102509,1.9943679846488396,OK
50954,0.7341,5.0,17.468127873541405,1.9508662214307233,OK
46789,0.0948,3.0,-0.2902636729179625,2.036195905385894,OK
54982,0.9544,5.0,0.7983183358255008,1.9967360428470529,OK
18059,0.2004,4.0,-0.5070211699479799,1.983227689931885,OK
53343,0.1908,5.0,3.995330814074908,1.8984100149876066,OK
45229,0.4301,3.0,4.672890875234449,2.0304947734534142,ERROR_SYNC
12462,0.1822,1.0,-1.5911898585748103,1.9426776421861212,OK
16149,0.7739,3.0,,1.9746192440447177,OK
71942,0.7111,4.0,1.9622946701847694,2.0344973844388736,OK
82653,0.7849,1.0,0.527758970623942,2.028065354510514,OK
58004,0.8373,5.0,-20.857128434991616,2.059119987812954,OK
81203,0.1957,2.0,,1.9815594146272866,OK
63253,0.781,1.0,-0.2874605262454047,1.948902512313678,OK
11739,0.7161,1.0,0.4318468130174544,1.9462578999613351,OK
92131,0.4259,1.0,-0.2954567500876014,1.9982516065670666,OK
52139,0.949,3.0,,2.01188552151527,OK
66554,0.5172,2.0,-1.0372402468719892,2.001101133746944,OK
49634,0.7046,5.0,32.41662368694882,2.0644781251163797,OK
91573,0.6404,2.0,2.147783316066315,1.9268653493421612,OK
78664,0.2373,3.0,0.4656952426363829,2.0140382614722787,OK
59455,0.5287,5.0,2.284515771938153,2.0506130893073298,OK
44634,0.2893,1.0,,1.9642080711032415,OK
25923,0.4023,3.0,-6.679449059687003,1.9997367572030003,OK
76306,0.9861,4.0,1.2601172212237284,2.018716121214701,OK
43107,0.0848,5.0,3.9725787812894326,2.0120536018842605,OK
21571,0.7925,5.0,-38.623117836960255,1.9287739643430972,OK
90669,0.8356,2.0,,1.9482436425273344,OK
68019,0.8105,1.0,-0.906369391564843,1.9970631208440424,OK
28180,0.8659,1.0,0.7804479911490279,1.9895766778512867,OK
84735,0.4282,5.0,,2.0069177759722017,OK
24323,0.7209,5.0,-18.472616786586933,2.0476523568305742,OK
92546,0.1853,5.0,0.5884023445207913,1.9800429632499585,OK
96685,0.323,1.0,1.746636720591683,1.996623518065335,OK
77144,0.0333,4.0,-12.763845408593712,2.037773027574782,OK
10199,0.0882,3.0,2.1457671765075714,1.922942144755875,OK
18681,0.712,3.0,,1.9131228736990271,OK
69728,0.9451,5.0,26.52152670618018,1.9585297955074459,OK
63650,0.0233,1.0,0.01369958435749874,1.992178212027383,OK
67336,0.5836,1.0,-0.2502803783182382,2.019006326153236,OK
41617,0.3604,4.0,-6.621700813214947,1.9718256690710714,OK
98181,0.5944,3.0,0.9183054288280436,1.9846898874240433,OK
58863,0.321,5.0,-1.7400577440802374,1.984327052645483,ERROR_SYNC
47626,0.8727,3.0,-15.956952418116204,2.033239174769475,OK
77417,0.1461,3.0,0.7185597425847627,2.0270683699784198,OK
98558,0.4482,1.0,-0.6143156274769112,2.038739013671357,OK
15457,0.841,3.0,-13.716286913611716,2.0154022639786033,OK
98777,0.3906,3.0,-3.2755417821353965,1.9708992645986936,OK
24544,0.8512,2.0,8.215981374608816,1.9594213628760484,OK
89297,0.9629,4.0,1.537282080737062,1.9593734532482978,OK
28736,0.4672,5.0,-2.5417998896864353,1.9700172904297082,OK
92074,0.0628,5.0,-1.4002045457532704,1.9866320346230077,OK
98421,0.2548,4.0,,2.0295809703411836,OK
30759,0.8568,5.0,41.827313769609894,1.9797879032796484,OK
85626,0.5154,1.0,-0.4802574593953721,1.9470041329155872,OK
35789,0.551,5.0,7.31079675971381,1.9546169782812963,OK
45664,0.5644,5.0,0.41398981964896947,1.9349278835070587,OK
78632,0.1115,2.0,-1.9017476325051874,1.991993607752157,OK
19315,0.4797,4.0,-6.613810433083314,2.0019244215497913,OK
59098,0.2143,1.0,-0.16614154952345872,1.993755227838773,OK
57783,0.0294,1.0,0.10789510706807648,2.015507641764318,ERROR_SYNC
78914,0.5893,2.0,-2.7387189782435195,2.0532351224048773,OK
24709,0.6024,5.0,18.61925285609914,2.0291427336015726,OK
37860,0.2518,2.0,-0.11684576327294283,2.024067873968122,OK
45357,0.0512,5.0,1.8608340552937772,2.0165341996232864,OK
10835,0.2705,4.0,6.289972518136598,1.9901218011248458,OK
99831,0.4926,1.0,,2.0569122971613605,OK
89097,0.8107,3.0,-5.682861074149316,1.9248720093778657,OK
99129,0.5115,3.0,1.0585403635025856,1.987548051120005,OK
23304,0.8956,3.0,,1.9967553920957244,ERROR_SYNC
14838,0.7873,3.0,-6.005319338323771,2.017476071774779,OK
48243,0.2381,2.0,-0.1855891198165095,1.9763587675266978,OK
85409,0.6536,3.0,5.609370493539378,1.9752940578537306,OK
91062,0.1986,1.0,0.13181035313076045,1.957957803029087,OK
34891,0.2917,5.0,-2.304810356136506,1.8996114640887838,OK
35900,0.9556,2.0,-3.4299592203263605,1.9798375454662338,OK
29745,0.7189,3.0,-14.642880792516502,2.0170976280534085,OK
11338,0.3242,2.0,-0.06747668483222513,2.0340448585480764,OK
83538,0.2504,2.0,2.434888594143022,2.017017306249616,OK
49268,0.0743,3.0,0.1582847856097538,1.9931477463566554,OK
71031,0.3958,3.0,0.8126997883591499,2.062746450669962,OK
52925,0.9587,2.0,,1.9865189916249668,OK
49625,0.743,3.0,-2.2450413048731463,1.9941319570942264,OK
14066,0.5302,3.0,-1.049449613915883,2.0700836151330257,OK
76966,0.0992,5.0,-0.0053448051629659266,2.060302970389352,OK
81414,0.3572,1.0,,2.015193383586975,OK
45324,0.2234,2.0,1.2502010215192119,2.0587228782954545,OK
97624,0.6238,1.0,-0.9250385567279757,2.0968214415355737,OK
31428,0.3864,5.0,-8.431528109325905,2.0153227235061126,OK
50570,0.5741,1.0,0.16987068042199216,2.0497408502246905,OK
97954,0.7569,4.0,-7.92820667949134,2.026482925789259,OK
69993,0.1072,3.0,,1.9223377891957136,OK
22449,0.381,5.0,-9.702034871343866,1.9356164849257178,OK
91223,0.689,3.0,3.1968247634189977,2.031356727970789,OK
27319,0.8681,3.0,-2.7087856271494757,2.0716457767243304,OK
23592,0.9868,3.0,-9.39049328501049,2.0468213933361743,ERROR_SYNC
55894,0.9593,1.0,0.7090158749267844,2.026875607919728,OK
48384,0.1515,3.0,-2.240593154295271,1.9010931783067977,OK
43310,0.0302,1.0,-0.21637083161413198,2.004506977739172,OK
49088,0.599,5.0,0.1439827519470953,2.054560993931841,OK
20674,0.4589,3.0,5.41694343435175,1.9736314785110942,OK
51737,0.0312,1.0,-0.5530005463794851,1.9711625980288972,OK
38509,0.9918,4.0,1.1069702217406872,1.9885935442433602,OK
59155,0.016,3.0,,1.9982345054171786,OK
99088,0.3068,3.0,,2.0161268857366066,OK
14909,0.9845,4.0,3.31358602596108,1.9618253789999411,OK
99944,0.706,4.0,-20.55462980842362,1.9869114471809577,OK
49356,0.8594,2.0,-0.4697417381520506,1.9744832796109666,OK
28494,0.7723,2.0,0.553476984042989,2.0101771571150313,OK
32272,0.8233,5.0,-2.077775952413062,2.0042783824302592,OK
47394,0.2292,4.0,2.5461616562667753,2.006043725382737,OK
67162,0.2332,3.0,-5.20861916219366,2.0347069454336086,ERROR_SYNC
20323,0.3761,1.0,0.7803994043939781,2.020305880546922,OK
47233,0.1168,2.0,-2.706079333442294,2.093379689081218,OK
15832,0.3628,1.0,-0.08267803772906104,2.023252453434139,OK
87802,0.184,1.0,-0.4381378800821332,1.9984985807761002,OK
80472,0.143,4.0,0.07923394728547667,2.070558097373366,OK
72443,0.3466,3.0,1.707509461450202,2.0374323132624133,OK
83874,0.6765,2.0,1.7412977719556875,2.069238152103107,OK
38671,0.6093,2.0,2.3114233085721794,1.9691928424372938,OK
14326,0.7075,5.0,1.1233412384720811,1.9987891013248438,OK
23514,0.7371,3.0,-4.908040865724065,2.0083237111939227,OK
32221,0.505,2.0,-1.6824888515708971,2.051190773910323,OK
32661,0.5682,1.0,2.277351178161125,1.9793730775185543,OK
13563,0.1576,1.0,-0.2842622101638602,1.9435229345821834,OK
84779,0.103,2.0,-0.5812736554163087,2.0107254408753974,OK
57432,0.0318,4.0,-1.2306693335646628,2.0263295080526835,OK
44539,0.676,1.0,1.1139477855750681,2.014340648783212,OK
52119,0.2459,2.0,-0.038630272743181204,1.9799849508350886,OK
91426,0.2858,1.0,48.6797760841822,2.0482261740510097,OK
50201,0.1258,4.0,3.2770075323497183,2.055710513438629,OK
59263,0.7592,2.0,-3.936718337350044,1.9833938322908025,OK
97112,0.2645,1.0,-0.704185894575539,2.0177419590112757,OK
50975,0.9075,3.0,1.1400517649224808,1.937838663935414,OK
26326,0.9892,3.0,-9.490040904587309,1.9883293444173158,OK
87208,0.5803,1.0,-1.892090042837277,2.0839386537843607,OK
91239,0.9462,2.0,-4.028343321094577,2.0531957611615383,OK
72291,0.8157,2.0,,1.9898225271062462,OK
47188,0.3434,4.0,,1.9213260206724276,OK
57568,0.8442,2.0,0.40125422588468396,1.9930982829122594,OK
69309,0.7816,2.0,-4.23095404571386,1.966267927624805,OK
88047,0.6339,2.0,-2.054395107589802,1.9916854318167823,OK
44837,0.9837,4.0,29.826244087004497,2.0212865964629185,OK
40636,0.4267,2.0,-1.3524156262436895,1.9228009768921104,OK
70665,0.5553,3.0,-11.167308818401231,2.009204012938766,OK
36851,0.5683,5.0,11.223251510205456,2.0562094576658825,OK
78477,0.8528,4.0,-14.011986985594696,1.98978991658407,OK
27792,0.6379,5.0,0.8115298836987477,1.9766145862095017,OK
93484,0.0916,4.0,3.3233437732277142,2.0400735396717598,OK
60664,0.8137,3.0,6.1888749491003,1.977767687568829,OK
29974,0.7772,4.0,,2.0604075211908754,OK
14386,0.3062,3.0,,1.971161706638745,OK
23196,0.7106,2.0,-4.073738702989163,2.0251891524016465,OK
73788,0.0677,4.0,,2.08025016525858,OK
24869,0.5965,1.0,1.8542937218493631,1.937509688060686,OK
98074,0.3675,4.0,0.0574229544038265,2.008028396780912,OK
63559,0.4848,4.0,-8.924779344166286,1.9973956930719687,OK
16295,0.0278,2.0,0.8933073943684953,2.004274764628137,OK
58758,0.5991,3.0,-6.158847655788601,2.0058429689993713,OK
82039,0.0947,4.0,4.48495399526041,1.9969462864308347,OK
88132,0.6018,1.0,0.8525268739812727,2.081600314537064,OK
93963,0.2089,2.0,0.9148507620288586,1.9932595449619877,OK
59398,0.578,5.0,26.58701167703106,1.99198159977609,OK
96905,0.7988,3.0,8.016319154071665,2.0468059029000525,OK
79207,0.5988,1.0,2.153271097296736,2.055899262442919,OK
13981,0.984,5.0,-1.1081579052795658,1.9929571226283544,OK
60986,0.364,5.0,0.867574158024981,1.9162663167675846,OK
54365,0.933,4.0,14.512115312295597,2.042324396581943,OK
38333,0.0275,4.0,-2.067316355869465,1.905213680160272,OK
80307,0.6441,5.0,28.628910970230088,1.9014918909529226,OK
14421,0.6339,5.0,1.1107100170119217,1.9509971810941638,OK
76328,0.2466,2.0,2.753912481583851,1.947805896106513,OK
35375,0.3276,1.0,0.4454621379740007,1.9914442884251051,OK
50629,0.3354,5.0,4.339042765686907,1.9909065667201047,OK
15795,0.7869,1.0,1.5363077774928346,2.0711698722472094,OK
45462,0.1545,5.0,1.2155552117614095,1.985830865024737,OK
55036,0.9934,4.0,-15.600748764662372,1.968766842599218,OK
74372,0.8247,3.0,-9.537789234672909,1.996858869331308,OK
40229,0.4908,4.0,9.34959955510248,2.016971310454691,OK
41108,0.9985,3.0,10.319890400133563,2.040723161807817,OK
29354,0.8248,2.0,1.9760680592118693,2.0009436789195103,OK
36613,0.3731,1.0,0.8468256597836685,1.95642357096929,OK
93179,0.5267,2.0,-1.1179139081965876,1.9995073576048539,OK
87743,0.3758,3.0,3.838660294325611,2.046172260461697,OK
76205,0.8228,1.0,-0.8928850027560628,2.0813923141048045,OK
54722,0.1385,4.0,-0.21011876452650236,1.9488477214911473,OK
90930,0.8373,3.0,,2.059902634438104,OK
62230,0.1493,5.0,-7.179065861334519,1.935449177323409,OK
59001,0.2423,3.0,0.28930153038487827,2.008494743441254,OK
73784,0.3337,5.0,-1.5151021933155946,1.8913723542525505,OK
16510,0.8942,2.0,-4.226374109910518,2.042626952916823,OK
41729,0.5252,3.0,-7.750018032498366,1.932050745999673,OK
49320,0.4247,5.0,12.4106977095719,1.9810916213212448,OK
43063,0.1687,1.0,-0.14303310928320395,1.971904569084718,OK
12584,0.6346,1.0,-0.29510463923265684,1.976072432119816,OK
16036,0.009,5.0,-0.5921913927500311,2.1094023285350745,OK
60744,0.5429,4.0,10.368632398919761,2.061906727228154,OK
20480,0.3223,2.0,,2.0517604182854554,OK
77916,0.8687,2.0,0.8090939909811339,2.031537420962483,OK
97984,0.6239,5.0,2.106763200249654,1.9266509951423942,OK
49290,0.4134,4.0,11.674692466059083,2.0404979932399483,OK
81060,0.3046,3.0,4.282955892932066,2.018238986718362,OK
29402,0.6721,3.0,-12.338009092649084,1.97595214378471,OK
57775,0.3772,4.0,0.06647391992219881,1.99048310350209,OK
50964,0.6207,4.0,8.098706629158649,2.012994099245347,OK
19260,0.6378,3.0,1.7682882079603888,1.9408528313238813,OK
65949,0.8083,1.0,0.9190906762798684,1.9479655584663982,OK
37735,0.7906,1.0,1.7326341056314158,1.9928555761987186,OK
81048,0.8213,4.0,16.20036730820476,1.9609976564284626,OK
90674,0.1449,5.0,0.8271912585208935,1.9268451382784997,OK
74566,0.3609,3.0,-6.226269051243182,2.0277121951461337,OK
11877,0.2589,1.0,-1.5514831748497646,1.9476343454877263,OK
38385,0.2632,2.0,1.4266007582112552,2.0144484901553104,OK
78641,0.1904,5.0,-2.459717281509439,2.080867319020208,OK
28043,0.8915,2.0,-5.27691063924277,1.9492565560649042,OK
88515,0.7123,1.0,0.3798778598206879,1.997901180286505,OK
31065,0.8649,5.0,28.40622523767347,1.9664672861443364,OK
46489,0.6777,5.0,-0.1734997006540971,1.9544577561944292,OK
62988,0.8761,5.0,-21.478157550465724,2.0589993727105957,OK
66021,0.1612,2.0,-0.8162458225960013,2.0037617128797036,OK
68797,0.6736,3.0,6.687881951885793,1.9392829877977986,OK
64947,0.8507,4.0,14.554842199800287,1.9700777237829517,OK
46162,0.3754,3.0,1.1276895664384492,1.9523289219536337,OK
98547,0.0287,1.0,-0.6579876241688197,2.0539445223089463,OK
29551,0.4163,2.0,-3.2052019368602243,1.9785771768786997,OK
21067,0.1663,5.0,4.806103324379608,1.9673294004031847,OK
95437,0.155,1.0,1.030254228337903,1.9995605027818808,OK
60343,0.7453,3.0,13.490906910533043,2.0371105430639687,OK
77691,0.3306,5.0,-8.999299993301351,1.9395628668372946,OK
44917,0.3603,2.0,0.5549886756444704,2.064387255005543,OK
71806,0.5973,4.0,-25.312987891130575,2.0397053096028106,OK
90826,0.0411,1.0,-1.4983344046618032,2.0032367121401986,OK
32232,0.7011,5.0,-22.12656187659388,1.9580908361000953,OK
47420,0.9084,5.0,-3.9009153863893147,1.9939776109391203,OK
25218,0.0014,5.0,2.4400612323289868,1.9679140071568755,ERROR_SYNC
53622,0.1408,4.0,-3.499928864048236,2.026909337691072,OK
45345,0.1525,4.0,-0.194322937458984,2.1408141872604864,OK
77625,0.6086,4.0,-0.05631554532110632,2.0371935655234807,OK
87298,0.8438,2.0,4.180493908507631,2.024892288482015,OK
95996,0.4056,1.0,,1.9511443611224673,OK
18613,0.3028,5.0,46.69295824925433,1.9827501469623383,OK
48254,0.8508,3.0,7.177903580206061,1.9883113885679697,OK
26326,0.5299,1.0,,1.9943107450979687,OK
86150,0.8118,3.0,,2.071628497323591,OK
18844,0.5181,4.0,-11.768991910086514,1.9874955758549544,OK
12466,0.2601,4.0,-5.322578469156471,2.0051116526810766,OK
19766,0.0129,3.0,-2.298146365603366,2.027010926233832,OK
45536,0.6863,5.0,18.012009448593396,2.0182384445239547,OK
59380,0.5833,2.0,5.542823029926578,2.0089521986125694,OK
13137,0.5587,3.0,-2.43312053088213,1.9480553499469289,OK
72576,0.9229,5.0,-46.7229467674624,2.012039741467272,OK
85322,0.8045,2.0,-1.8040431423490995,1.9584958180054093,OK
40518,0.0681,4.0,-1.4826863582990248,1.9988139492357262,OK
88801,0.8102,5.0,4.63839075969851,2.0304171685841896,OK
48097,0.2773,4.0,,2.09651096564631,OK
17130,0.8664,1.0,0.09136668368552336,1.983320096003112,OK
24838,0.4442,5.0,14.64882372673186,2.0079931858176057,OK
91576,0.8477,1.0,-0.28583935500495244,2.014182092743032,OK
66977,0.2169,2.0,0.8884869190613951,2.0498006904271953,OK
66379,0.7132,4.0,-10.681208730058293,2.016054659816035,OK
30520,0.5195,5.0,16.378521417805747,2.003595118385652,OK
27280,0.2378,3.0,2.261234160522803,1.9956676157498532,OK
46967,0.6291,2.0,-3.2649593054292443,2.0868322225699765,OK
76631,0.8412,4.0,-0.47687595603152677,2.0111941828542537,OK
65305,0.1948,2.0,-1.15757067709366,2.013948903423196,OK
32821,0.6348,1.0,-0.6737407273410303,1.9835592561989221,OK
81651,0.0304,2.0,-0.081523838985847,1.9993572434974667,OK
46890,0.8331,3.0,,2.033581167937816,OK
80984,0.0425,4.0,33.66925876790581,2.034668405592509,OK
95344,0.0807,4.0,,2.01368260200539,OK
42798,0.8327,2.0,10.623854433329106,2.030523934146563,OK
92525,0.4625,3.0,1.924404101280461,2.1000402327925727,OK
69791,0.5486,5.0,12.204661066461762,1.9342281574488844,OK
50409,0.2705,2.0,-0.07175540933580796,2.0822115003834707,OK
44149,0.7907,5.0,-3.268394008502186,1.9903097592299308,OK
24351,0.2004,3.0,-3.315196801231465,2.0401969848079835,OK
17666,0.4463,1.0,1.0834725816594273,1.9116291327330095,OK
29850,0.8182,4.0,-14.582311712650423,2.020929393136943,OK
21554,0.7362,2.0,,1.9357057235306407,OK
95636,0.1067,3.0,-0.4762656155805649,1.856575538550307,OK
43996,0.2913,4.0,-2.128537286230319,1.9980525160241087,OK
61519,0.2207,2.0,-0.6830031533753159,1.962769807996044,OK
31044,0.846,2.0,1.9919534200231301,1.9787986475406973,OK
98764,0.4686,1.0,-0.2852278322665517,2.0568073221675167,OK
68332,0.9578,5.0,-46.014425078529335,2.082134944740022,OK
66430,0.5239,5.0,11.465690078572788,2.026988477903533,OK
10135,0.952,4.0,-17.057086426116097,2.0385386513132446,OK
36698,0.7158,5.0,5.549507079357681,2.001655441347582,OK
15567,0.0968,1.0,-1.4660417431627724,2.0049920320409185,OK
17638,0.2233,4.0,4.972157881597421,2.0843047358450364,OK
15241,0.1876,1.0,0.18598279218657404,2.1360328645450646,OK
67281,0.5771,4.0,-21.58159708424296,2.058131104271925,OK
40386,0.3598,2.0,1.5696923543870172,2.0065784720122717,OK
39727,0.2045,1.0,-1.0374954329553634,2.022882064609749,OK
32928,0.8736,1.0,0.6134183887426039,1.9573291320886985,OK
99152,0.2128,2.0,3.0270198697838064,1.8876190585145625,OK
14595,0.3462,4.0,6.567503732853285,2.1105957447878128,OK
22023,0.0898,5.0,-5.295746566539028,2.021207346330398,OK
19619,0.3722,5.0,-0.42056854300934954,2.0131704780511352,OK
19660,0.0552,3.0,0.6233850816512838,2.047005751061346,OK
80850,0.8945,4.0,1.2370079199384068,1.9388662531407324,OK
72455,0.337,2.0,-1.410843070074358,1.9806334636005456,OK
55668,0.1632,3.0,-1.6384315182449354,2.000375289070061,OK
58494,0.3407,5.0,-31.921059304108432,1.927056221616652,OK
59039,0.39,2.0,,1.9478313729420416,OK
49536,0.6315,1.0,0.8912891382375641,2.039406863595772,OK
98490,0.6428,3.0,-2.849180571814358,1.9513161178164249,OK
67243,0.4785,4.0,0.08105840684265497,1.9536152021394368,OK
23441,0.5254,3.0,-1.3846310844189391,1.9371935599201169,OK
26438,0.027,2.0,1.8055962912317143,2.0689338688051264,OK
13167,0.2029,2.0,-0.3539573073824538,1.941772323572143,OK
38770,0.9181,3.0,-8.720836849406258,2.0432711826178953,OK
78731,0.2008,1.0,-0.7906010532704979,1.9978720805793482,OK
12453,0.9534,3.0,-6.9874971858608035,2.0034811707582585,OK
88051,0.8875,1.0,0.22030458945060716,1.9835667581975072,OK
68695,0.7018,2.0,-0.980426595045637,2.0254754380716196,OK
96033,0.5948,3.0,-4.665681114093954,1.9153434406270038,OK
87260,0.6053,3.0,-0.84899534879723,1.9803626959834155,OK
77510,0.5339,5.0,-0.5755969239196909,2.055049151789402,OK
95673,0.8294,1.0,,1.950575325355263,OK
36311,0.6129,1.0,0.7968009353104955,1.9506791334517524,OK
68498,0.7439,2.0,4.69886257167098,1.8705740569312375,OK
52064,0.237,4.0,-49.02611399216765,1.931553000741106,OK
68788,0.032,2.0,-1.6412014701661741,2.034368434890123,OK
63428,0.2397,1.0,0.9025461231464599,2.0360182629058325,OK
91968,0.0674,2.0,0.8211270972399539,1.9050580535661767,OK
59530,0.639,2.0,2.667479610232373,1.9928500127511475,OK
99750,0.0562,4.0,-1.1891372041303798,2.0245951413139456,OK
81816,0.5322,2.0,-1.8873453564282696,2.0153741095799136,OK
30364,0.8554,3.0,-8.323019798808907,2.0640098119016264,OK
47064,0.9288,4.0,14.467332786404208,1.9068898608816782,OK
81836,0.3053,2.0,1.716438140623341,1.9211300351497724,OK
82245,0.7837,2.0,-1.1644155355932617,2.0159276443539578,OK
21454,0.9218,4.0,-1.8738419127492423,1.9497405200345297,OK
69939,0.2426,4.0,-1.4454778291255397,2.009870975352556,OK
30526,0.6794,4.0,-9.069404736510345,1.992527222256774,OK
13875,0.2287,2.0,-3.5909767650349473,1.917517519000245,OK
18414,0.1889,1.0,-1.232757296504317,2.0351104631662493,OK
27937,0.4218,2.0,0.8687787203091708,2.0507824395089496,OK
23992,0.3143,1.0,,1.9423665096740779,OK
48557,0.5056,5.0,13.824452746707381,1.9667436536486063,OK
74649,0.3901,2.0,38.30469612389495,2.0811792790047527,OK
14907,0.5135,2.0,2.0929094413151526,2.061666144921739,OK
43422,0.968,5.0,-23.797145238211762,1.9753680525920252,OK
21437,0.8759,2.0,-0.1888168275197777,1.9844157304907852,OK
52144,0.524,4.0,2.4462564600621,2.0284174560818595,OK
50992,0.7551,5.0,-0.6079759005443065,1.9346870585527736,OK
55291,0.5535,4.0,-11.728232649441262,2.0590478263679133,OK
23450,0.0016,1.0,-0.31502211379268164,1.9454396506297134,OK
49690,0.1386,1.0,0.7059149664634039,1.9646864832398352,OK
78391,0.203,5.0,-9.553708917695687,2.061379684296359,OK
62893,0.9167,3.0,0.8906459068160076,1.9389974054237273,OK
32268,0.1899,4.0,3.926202649570602,1.944709911333956,OK
85650,0.7188,5.0,18.985586019717687,2.0744729295515314,OK
17170,0.9344,1.0,0.9439724390243868,2.0544537850499696,OK
55980,0.6201,1.0,1.3417735511725852,2.0547433870819667,OK
69525,0.6284,4.0,-38.65613426010498,1.8970705228108935,OK
44131,0.8708,4.0,-0.6714940197597314,2.0496268682283953,OK
21151,0.5944,4.0,20.44554102505809,2.133202355624756,OK
32934,0.5571,4.0,9.613408164767353,1.9492384353069037,OK
99422,0.4864,1.0,,2.001476544117231,ERROR_SYNC
76575,0.8563,4.0,,1.9954989633353242,OK
22741,0.0956,5.0,2.206849287861983,2.05405730496464,OK
58813,0.6426,4.0,8.614059572277224,1.966811523291812,OK
87238,0.5314,4.0,-1.224917022611695,2.0087741637767444,OK
14517,0.4907,4.0,21.37580245450275,2.0277579883569854,OK
79982,0.6739,2.0,-0.23814788609482,1.9911775633570594,OK
23266,0.3325,5.0,,2.0948030733498024,OK
48521,0.0326,2.0,0.42572837088692533,1.9575752663840318,OK
59219,0.5779,2.0,,2.0660791252475295,OK
28880,0.3992,3.0,,1.9656511283172964,OK
43029,0.0708,5.0,-2.2651896073343227,1.961355101889544,OK
78512,0.8555,3.0,1.9448989389746356,1.9911330017130429,OK
14227,0.9,5.0,44.47061220741138,2.0849158337453035,OK
84566,0.5206,4.0,2.4662193747278813,2.0792620615781088,OK
18905,0.7272,3.0,1.4701847319051125,2.0321868741738975,OK
94558,0.5342,5.0,-1.415521026478025,2.080471101447548,OK
17525,0.2028,3.0,0.5978875955419132,1.952049395819317,OK
75933,0.3155,2.0,-3.0908382046121345,2.112140787603101,OK
96062,0.4967,1.0,,1.9902753758293394,OK
69276,0.7935,5.0,-36.56109316434915,2.0095301002425057,OK
61531,0.3786,5.0,,1.9377759492352808,OK
95714,0.0149,5.0,,1.9472646916606118,OK
62564,0.357,3.0,-0.3533774306278318,2.0393774228995554,OK
66010,0.0424,5.0,-1.1196123315284354,1.9224745000712922,OK
38588,0.5907,4.0,-19.172036365257508,2.0683744432346454,OK
35411,0.2073,2.0,-0.7482563671742721,2.0336551584741183,OK
37366,0.9727,1.0,,1.9669674601086136,OK
28996,0.3556,1.0,0.021469534316900574,1.9665640146372412,OK
20713,0.1011,1.0,-1.0968646488003888,1.9609127543729228,OK
92360,0.7761,4.0,7.6703113050045095,1.9170694737893128,OK
30370,0.6331,5.0,-2.349051340272711,1.9842868790135837,OK
28596,0.8339,4.0,,1.9489615755171221,OK
97559,0.2869,2.0,-2.20461173006279,1.9296501361950185,OK
35355,0.4833,5.0,-1.3361812308915788,1.9919601170218872,OK
54375,0.9008,1.0,-1.0313325214999107,2.0097486153959894,OK
90249,0.2722,2.0,,2.092581445212169,OK
11005,0.8364,1.0,-2.9656786716469665,1.9904378885514145,OK
57976,0.4656,5.0,-1.663409101869655,2.0088429272463975,OK
97202,0.7174,1.0,-0.6831555940331688,1.9420150841011938,OK
13834,0.1871,5.0,2.8317111994678856,1.990850489972473,OK
88574,0.3967,4.0,13.656674855465129,2.042714656287976,OK
69039,0.0399,4.0,2.0509507774785565,2.0198280759111675,OK
70712,0.434,2.0,0.5342990270839394,1.9677876584220562,OK
62527,0.0617,4.0,4.326528957406113,1.9131825198784609,OK
94693,0.121,4.0,-3.365519829248808,1.939429991941914,OK
82394,0.0126,5.0,-3.8524972583110944,2.0391880890915908,OK
37151,0.7926,4.0,0.7148968761210397,2.0151396609348606,OK
31981,0.8448,4.0,-0.7737360135094744,1.9833544604475934,OK
60669,0.1249,2.0,-0.28176279677051896,1.9665400890044664,OK
45565,0.7446,2.0,-4.619224727829145,1.9376273898876557,OK
92664,0.4949,1.0,-1.9829780050474113,1.9616575117099013,OK
15628,0.982,3.0,0.13616292141811043,1.973903933131751,OK
47376,0.6421,3.0,5.545814184640968,1.9864511235216709,OK
16688,0.6796,2.0,-3.50951086916191,2.0188806123604732,OK
24237,0.0233,5.0,,1.9403796432027727,OK
81492,0.0989,4.0,-0.9047506828144138,1.9221481255462671,OK
45278,0.7636,5.0,-0.6980170086390602,2.0235833391320113,OK
83610,0.066,2.0,0.2081985352538085,1.926527071097061,OK
85008,0.3208,4.0,1.9663111380280718,2.0363735425452685,OK
34598,0.5769,2.0,-1.587918451724959,2.0993825108827227,OK
24051,0.8969,2.0,1.0498346451683047,2.0147596299772417,OK
32288,0.8162,2.0,2.1064757266430005,1.9630158344500135,OK
90724,0.4549,1.0,-1.7048643793512985,2.003738530287469,OK
23045,0.5506,4.0,17.025744202419965,2.007337756455121,OK
56738,0.9609,2.0,-0.42714561271326296,1.9472168930594567,OK
76307,0.8549,2.0,-1.8005922855459613,1.983630080512107,OK
37268,0.5448,5.0,13.682342565740699,2.110570252113981,OK
88460,0.4329,5.0,,1.8986260786138607,OK
23891,0.8383,4.0,-1.3544844849722384,2.012351220953025,OK
85455,0.5614,1.0,-0.9207805264076211,1.9608711109828647,OK
36488,0.677,1.0,-1.9172970001127112,1.9967815311718666,OK
57896,0.2863,2.0,,2.02031335894371,OK
75150,0.3209,3.0,,2.0177243322644727,OK
96866,0.0625,5.0,0.9237973454022065,2.1364232107511407,OK
18884,0.6651,5.0,-32.512096682695145,1.9355616647694514,OK
75168,0.8665,5.0,3.323420352467519,2.009768112807076,OK
35909,0.0967,2.0,-0.9050288785341771,2.0263973531498056,OK
76256,0.4613,4.0,,1.940868958484068,OK
14293,0.2005,3.0,0.3247632546145356,2.0463301266770206,OK
69041,0.6666,2.0,-3.891744248619072,2.0384702974438538,OK
23674,0.8796,1.0,,1.9569280675643945,OK
62449,0.7013,4.0,11.842036773027562,2.0113471589754406,OK
29993,0.3199,5.0,-15.380658151598398,2.0367580074217853,OK
10420,0.3344,5.0,1.6313825548444978,2.0340875844311026,OK
95714,0.0639,2.0,0.8873864095843274,2.003250593485864,OK
79654,0.3436,3.0,-0.06505102663054316,1.9545082704979881,OK
12684,0.6958,3.0,2.355115028296696,1.989902891255529,OK
71598,0.999,1.0,1.5859478759583576,2.0234587558042554,OK
37879,0.5943,4.0,-6.8923826821623075,1.9512244475931848,OK
25174,0.5652,1.0,-0.05509148435408279,2.0202926761547912,OK
78731,0.4356,2.0,1.0675852726794095,1.9914354842141138,OK
91889,0.7306,5.0,,1.9410046289112506,OK
90439,0.0533,4.0,2.6463874350498418,1.962596308715035,OK
69608,0.2247,2.0,1.6401863747069814,1.9190379292894386,OK
78304,0.9159,2.0,-0.6466990556786796,2.039724269077048,OK
88374,0.0642,2.0,-1.1666219149722488,1.9661290801988565,OK
59467,0.9395,2.0,-0.33572731267056377,1.925187728478245,OK
98791,0.5631,2.0,-4.5009361115846644,1.9425546083214502,OK
10738,0.2835,2.0,0.7152740630837416,1.8934995587002157,OK
51951,0.5268,1.0,-2.061423615731775,1.9242949442289605,OK
74205,0.9398,5.0,-18.37228739217453,1.9836820260936527,OK
57191,0.8406,2.0,-5.3442815042675935,2.056837593886966,OK
31842,0.5811,2.0,-2.4594231339941732,2.008640873604821,OK
40621,0.9385,1.0,-1.0015068286914957,2.1109155694269486,OK
82599,0.954,3.0,-0.5866881360234439,1.999454618949626,OK
55643,0.2121,2.0,0.535345296429869,2.0600674485352575,OK
97265,0.7367,4.0,38.54892086253943,2.012273260833773,OK
71724,0.7959,5.0,39.14455628266796,1.9989301658660594,OK
59577,0.6395,1.0,-1.2930226904229318,2.087598484843539,OK
81503,0.0202,5.0,3.5199709067455185,2.005897036170076,OK
70143,0.8497,5.0,-0.11436744464533201,2.001658015808225,OK
62624,0.2134,4.0,3.063914642314585,2.089279110482366,OK
24918,0.3633,1.0,0.2860691889588606,2.0259122458929184,OK
85209,0.9186,4.0,,1.9662713459163517,OK
67130,0.5066,2.0,-3.4620100463067773,1.9545796765395762,OK
52978,0.6042,3.0,-10.632698554172867,2.0433944797602512,OK
84601,0.3406,5.0,5.15964931069522,1.9930560560299995,OK
82851,0.7669,5.0,,1.9795651459707437,OK
95331,0.1428,4.0,0.6231169517256834,2.018340515978555,OK
57431,0.1002,4.0,3.067673410908674,2.045313733409021,OK
97452,0.313,2.0,1.1231968080182733,2.022533824469852,OK
13995,0.1644,5.0,-1.6503331337965768,1.9420832078719676,OK
12167,0.3476,2.0,,1.9742306736869863,OK
33564,0.6877,1.0,-0.14475025774361394,2.0527658043598365,OK
54502,0.8713,4.0,17.10982190326587,2.0180150780381334,OK
72911,0.1298,2.0,,2.059804952902442,OK
65698,0.9165,2.0,-3.704783347417553,1.9202213879296721,OK
83878,0.7135,2.0,5.2900662864331,2.177751432939789,ERROR_SYNC
97102,0.9351,1.0,0.9221273496620964,2.06281971604311,OK
29957,0.1684,2.0,-0.6529147735634119,1.9118398947328912,OK
99327,0.6602,3.0,12.455528957593959,1.9758445510695233,OK
18633,0.4063,4.0,-8.156177408536484,2.0446547545577194,OK
67734,0.8652,3.0,2.808914718912647,2.036297620245025,OK
32852,0.7355,2.0,2.9396644384563206,2.04949801234621,OK
54618,0.2449,3.0,5.439305808719055,1.9886752235031688,OK
84440,0.1766,4.0,2.122838269544081,1.9460867439342533,OK
68457,0.454,3.0,-4.290023142222824,2.0268377092091683,OK
97043,0.2005,5.0,-4.941058288085502,2.0371986520241356,OK
81737,0.5116,4.0,7.595916647927892,2.031492028345559,OK
18691,0.2498,2.0,-2.698525263034383,1.969394161074842,OK
26517,0.7166,2.0,-1.5786500998012234,1.9600584711038525,OK
26389,0.9227,1.0,-0.41590812619582707,1.9826577633464793,OK
98095,0.0138,1.0,0.05901866745828599,1.9738642515463514,OK
39124,0.0028,1.0,-0.754565194330855,2.0261580401919526,OK
48885,0.2378,1.0,-0.29100122241534876,2.0691946602153157,OK
60752,0.7539,2.0,-0.9593887682107314,1.9896396855095724,OK
80257,0.4773,4.0,-6.800142894964061,1.9900462307943518,OK
97218,0.6189,5.0,1.5634679008160497,1.8905205086748411,OK
32276,0.7758,5.0,2.899129700655687,2.0403980093694454,ERROR_SYNC
13408,0.5074,3.0,1.2711900835267174,1.9818651662449762,OK
51172,0.8757,3.0,-8.911394889429653,1.9425321433758453,OK
14854,0.7108,2.0,0.47520082439625755,2.0098457287767797,OK
45061,0.6106,1.0,0.989540372749935,1.9819846614405903,OK
65142,0.4375,3.0,10.248530024432736,1.9817722918255227,OK
18180,0.4271,5.0,16.705866902446154,2.0472277041805627,OK
18339,0.1355,1.0,,1.9074465684936994,OK
30972,0.9355,1.0,1.7206589545844904,2.0109088371519452,OK
49157,0.3866,5.0,-15.108820736688468,1.9914879771391714,OK
88431,0.1964,2.0,,2.084706423836239,OK
61856,0.8708,2.0,3.0169905042244864,2.016306968978288,OK
71741,0.3307,5.0,3.650183816440796,2.0255718517058505,OK
45567,0.2809,1.0,-0.9775029008876478,1.9772564497766532,ERROR_SYNC
43007,0.8554,2.0,-2.9680493282827847,1.9601813625568203,OK
46474,0.179,1.0,-0.16494352357866163,1.9286448063693833,OK
73842,0.0157,3.0,1.0597225628369942,2.013925543467365,OK
11480,0.6147,5.0,0.2979926316441607,1.9515284933107881,OK
84980,0.4704,5.0,-0.576805492878975,1.9472163847731443,OK
77808,0.7251,2.0,2.9724864244702895,1.884668575434118,OK
39341,0.9967,3.0,-27.34549329337334,1.95144644033799,OK
34695,0.2749,5.0,,2.0403135522861473,OK
50632,0.5547,4.0,16.32966429776773,2.048186263191205,OK
13856,0.3783,5.0,-7.096998446909035,1.9530773121905312,OK
72693,0.3871,5.0,12.24123294483888,2.02838022963924,OK
31553,0.6581,5.0,17.64346976248922,2.0274248810026263,OK
20284,0.2363,1.0,0.9266424946483894,1.9314815112543546,OK
86229,0.6513,4.0,19.032019982357337,1.9755396229654365,OK
36113,0.3568,5.0,-0.7331710415352704,2.019241277830297,OK
56440,0.4486,3.0,7.875285488985153,1.909824770683811,OK
29212,0.7117,3.0,-6.587603504427774,1.9145478294962135,OK
96428,0.3464,4.0,11.498945049379953,1.9607002025757367,OK
44157,0.657,4.0,-11.8081002050371,1.9849014436281487,OK
18660,0.9073,4.0,-12.874985163116685,2.0126306216852026,OK
31724,0.4527,2.0,-0.4412375610554259,1.9485733023552019,OK
11824,0.1893,5.0,-1.6636523703999275,1.9608162689528665,OK
13271,0.9372,5.0,-47.64520145803662,2.080045937690666,OK
62918,0.9513,3.0,1.399221562122757,1.9762334223816973,OK
84244,0.4539,5.0,7.706695175833582,2.0040327215958063,OK
88490,0.0999,4.0,-0.14902172412185627,2.0669679806078234,OK
36228,0.979,5.0,44.02353338948653,2.0408205225573433,OK
77817,0.7001,1.0,0.14623312212884443,2.1203880612552863,OK
27746,0.2563,5.0,6.79074839697941,2.0760820628004093,OK
58206,0.9056,1.0,-0.5151869999838677,1.9533506540205687,OK
43241,0.5061,3.0,-2.0458960109746442,1.8778283202625439,OK
84061,0.2814,1.0,,2.000342222189232,OK
39617,0.8044,2.0,-4.354490857135398,2.0060340811011805,OK
83984,0.2722,5.0,-11.85657865560149,1.9691231660025106,OK
43851,0.0963,4.0,,1.9767721374620577,OK
76961,0.6139,1.0,-0.3326078111690923,2.0417069254476576,OK
19160,0.4826,2.0,-2.3639177851917577,2.0250585905824114,OK
56440,0.9576,2.0,-0.22678817313660238,2.083056916014643,OK
61763,0.8696,2.0,,2.0221958325640084,OK
19884,0.2906,2.0,,2.055091645633383,OK
85341,0.7128,4.0,10.846601747795239,1.9399763608037826,OK
61716,0.4363,5.0,11.682430579984068,2.0013562031490406,OK
14895,0.4224,1.0,0.15501108189773116,2.0067827679323322,OK
36436,0.2711,4.0,4.798116126711714,2.052739327218083,OK
57924,0.3944,4.0,-1.273379255926815,1.9795661659935568,OK
96886,0.44,4.0,-1.206367223817849,1.948258856505,OK
88266,0.4478,3.0,,1.9687039411226441,OK
17921,0.9411,3.0,-9.8234447076383,1.9759506634880266,OK
56583,0.1101,2.0,0.6790325726533135,1.9550613092381084,OK
16422,0.8572,3.0,0.531179408382934,2.0501965190532343,OK
71669,0.4502,3.0,-3.265766809190926,1.981186318242708,OK
63876,0.8859,3.0,9.934181475126682,2.032633361230243,OK
70153,0.1526,3.0,,1.9155192406060155,OK
91837,0.1045,3.0,-0.10091060069725166,1.9768395528251939,OK
97592,0.8404,4.0,-11.522230638104315,1.9424499519058853,OK
78909,0.3359,5.0,17.284796165104368,2.0099792304487765,OK
51221,0.5518,1.0,2.349039950781245,1.9836216848470225,OK
58820,0.6098,2.0,-0.6896135407318329,1.9190637937542738,OK
25594,0.0988,5.0,2.0927577399385062,2.0519336866567497,OK
29368,0.7899,2.0,-3.4760848754567344,2.0908606549659075,OK
60427,0.3778,1.0,-46.56423239801559,2.0145120242242274,OK
16987,0.8209,2.0,0.10668273550465344,2.028905326960925,OK
33336,0.3952,4.0,-0.39960302535775727,2.0311250029162062,OK
89912,0.0072,4.0,0.8397435635843808,2.0080288932144317,OK
48062,0.1816,1.0,0.03666147125994479,1.999068938475418,OK
60299,0.6994,3.0,6.278593006698411,2.040347954007691,OK
38344,0.5095,4.0,1.3216242600275003,2.0244644623693158,OK
22971,0.5227,3.0,5.054622921689441,2.053751072433547,OK
64033,0.914,4.0,-14.133590280538682,2.082143487965921,OK
10617,0.102,1.0,0.28950697085810106,2.0104957720759256,OK
46286,0.9506,1.0,2.7664384795989614,1.9566908991043852,OK
41417,0.5717,5.0,-1.4500744902076392,2.031521097206246,OK
71528,0.8142,1.0,0.723596962671621,1.931578982860609,OK
24215,0.2043,1.0,1.9510223167706322,1.9694960564980486,OK
13918,0.7893,4.0,,2.022634032601042,OK
76018,0.8934,2.0,0.8873911433464644,2.0558594253223004,OK
37392,0.4642,4.0,,1.9616972535018706,OK
82284,0.8868,3.0,1.4992418288285987,2.0395797143892413,OK
15504,0.9223,1.0,-0.615009542021025,1.9081509715102853,OK
27017,0.9275,4.0,16.232482323584787,2.026201991327496,OK
90766,0.6107,5.0,-12.496548306951519,2.056078125132612,OK
72759,0.6591,4.0,-11.685359189463849,2.0809255131946607,OK
19330,0.2425,2.0,33.22965731572266,1.9541388376937867,OK
85644,0.0422,3.0,-0.8713291302838311,2.0645862363129934,OK
74751,0.421,2.0,-2.6242004919726916,2.086100279502129,OK
79045,0.1399,1.0,-0.8314112246960876,2.0123026397992057,OK
41577,0.622,5.0,-2.1558029626359243,2.035919967972638,OK
74643,0.5104,1.0,0.29147377210872466,1.9609965230305428,OK
95732,0.9328,3.0,8.604761397247453,1.9350405183937205,OK
47949,0.1682,2.0,,1.9745475398400485,OK
25082,0.5938,5.0,16.119335976621567,1.9958255198191233,OK
53265,0.9297,3.0,8.571266296378052,1.9318950780976807,OK
84554,0.2293,5.0,-10.014714582554447,2.031076998495456,OK
21747,0.3382,2.0,,1.9850730779188264,OK
36877,0.7791,4.0,-2.4023867122301747,1.9415886673396332,OK
13378,0.1791,2.0,1.5163614306691862,1.9905612674968274,OK
53757,0.9502,2.0,9.398111931424017,1.9675009921798714,OK
12832,0.1678,3.0,-4.056544190991752,1.9244849085132465,OK
41065,0.2071,4.0,0.5392250471872327,1.9775401087284092,OK
46162,0.3907,4.0,4.377801108533875,2.0130758611837276,OK
59739,0.556,2.0,0.5613435699506302,2.004863506772193,OK
99730,0.584,5.0,-5.376281063605697,1.9868530867456344,OK
35002,0.7034,1.0,0.22130201858070336,1.9890435324158957,OK
82379,0.4537,1.0,0.48754012700827337,1.9924516562243477,OK
24685,0.8915,4.0,-13.802849592449057,2.0264651452854188,OK
88042,0.9463,1.0,0.42971370762217287,1.9661233759575056,OK
73021,0.878,4.0,-25.4806743707343,2.0324487005913596,OK
31858,0.3557,3.0,-2.3766821748167235,1.9420278384876943,OK
85073,0.2549,4.0,-8.813993125922563,1.9950574041113536,OK
27215,0.6459,2.0,0.7636697032095681,1.9696611226475136,OK
46305,0.6838,4.0,-2.4688700511721784,2.0211068456046735,OK
16363,0.6378,1.0,1.6961521738707195,2.0085599047232328,OK
94689,0.3758,5.0,-1.5949193621263678,2.0391821365678133,OK
43009,0.4162,2.0,-0.0423228830523352,1.898576762403157,OK
94727,0.4435,5.0,2.1624731196970384,1.966648811357601,OK
74776,0.2793,4.0,-2.758199607550214,2.077516808705474,OK
93881,0.4493,4.0,7.0123357925450875,2.012294758584198,OK
57064,0.9333,5.0,26.833627102461467,1.9902344456033585,OK
77879,0.7657,3.0,-6.865082986239509,1.954460310087336,OK
33522,0.8019,5.0,1.1755039903377682,1.9954178258059339,OK
85472,0.1706,1.0,-0.36648423344205244,2.0404089883329384,OK
72810,0.2658,5.0,2.886244150861417,1.9647266792283913,OK
51439,0.8917,4.0,-18.70840770718738,2.0837861956898402,OK
69694,0.6829,4.0,-2.847558553712865,1.96085900168493,OK
11611,0.8776,4.0,-14.692724763814063,1.9957433569222651,OK
97062,0.0727,2.0,2.182429190869006,2.0315451161295845,OK
71840,0.1477,3.0,,1.9439234919925992,OK
43469,0.3992,3.0,0.614115863182239,2.0157398618607485,OK
42420,0.4754,1.0,0.29366605540973867,2.0277807995504236,OK
13285,0.7132,4.0,-10.218381762826867,1.9651470135802134,OK
10613,0.7243,2.0,,1.9734199796120686,OK
87989,0.5436,4.0,,2.0762986865188124,OK
38394,0.8257,5.0,-20.885189294209713,2.0768235985411074,OK
83388,0.2172,3.0,0.9669874828495454,2.044908567815952,OK
42138,0.9287,2.0,,1.921066204474422,OK
94569,0.2621,2.0,31.416873997154962,2.0691635272863023,OK
23338,0.4849,2.0,0.1687196979909681,2.0054352401713653,OK
28319,0.6611,1.0,-0.9322757896974849,2.0847900904326706,OK
29490,0.2535,4.0,4.747893394354741,1.9321248251714094,OK
64768,0.5167,4.0,-6.110757632557314,1.9688423902533456,OK
63564,0.061,2.0,1.6263799490404687,2.0597890928378018,OK
87995,0.0116,3.0,1.9212954356223289,2.0291634542286268,OK
44160,0.3262,1.0,,1.940235400745,OK
55709,0.3776,3.0,-3.2838540512821752,2.0002417145000324,OK
69202,0.4075,1.0,-0.557556665833765,2.0380972971726234,OK
41718,0.6821,3.0,-5.198919064166327,1.932062803077532,OK
48569,0.8612,4.0,14.768817928824012,1.965517238246509,OK
30353,0.332,2.0,-0.4827491205461904,2.0096564456321744,OK
28054,0.0507,1.0,-0.8537852788391886,1.956710387176433,OK
71429,0.7783,1.0,0.48701320934332903,2.0402473532780463,OK
57436,0.197,4.0,-2.322948201148041,2.009421821884548,OK
92327,0.1981,4.0,4.233877573794249,2.028475639266802,OK
50589,0.3395,5.0,-24.30937472221843,1.905776792197858,OK
59683,0.3095,2.0,1.5465709992742818,1.9609718926185478,OK
95655,0.4966,3.0,-4.98633388125556,2.0087046153761405,OK
84603,0.6299,3.0,-0.18546620495033506,1.980862913062239,OK
59645,0.0503,3.0,2.913624390548626,1.9840493806391233,OK
41831,0.4518,4.0,-2.335354891259895,2.017766761404216,OK
47793,0.1732,4.0,-1.4246530589635589,2.066895088110041,OK
35567,0.0653,2.0,-0.44304377509103565,2.028135843358572,OK
31973,0.5284,1.0,,2.0042403704323575,OK
24072,0.8072,3.0,-7.180620753011096,1.9757362288588705,OK
48805,0.4067,1.0,0.09954466511024726,2.0140250637652857,OK
81465,0.7238,3.0,1.1146177150493788,2.050447124265345,OK
58887,0.196,2.0,0.38903702548987035,2.036691882809272,OK
60689,0.175,2.0,-1.8544381390681017,2.023656218863352,OK
85259,0.2889,1.0,-1.1155222995789427,2.021648318978249,OK
38756,0.2521,5.0,-10.462067516276171,1.9826401199655292,OK
13085,0.6236,4.0,12.832310616032832,1.9763000997685396,OK
35335,0.9116,2.0,3.074259091973106,1.9566670066280114,ERROR_SYNC
46213,0.7762,5.0,-17.61800204321555,1.9817163261618966,OK
80799,0.6775,2.0,-3.3322623858224247,1.964370172499667,OK
64684,0.307,5.0,2.8577837476140586,2.0915795088701667,OK
32530,0.019,4.0,-0.6437972136145288,1.9848873742837534,OK
56428,0.1098,5.0,-5.011892821286349,1.9390150754568798,OK
75509,0.4137,3.0,-5.423992298502631,1.9858543962293347,OK
14256,0.7848,5.0,-4.40394683538975,1.9258385258777646,OK
63910,0.1172,4.0,-3.8211155358063413,1.928037173586879,OK
21461,0.9266,2.0,36.02454963062222,2.0442477126914502,OK
52526,0.2877,3.0,-4.999961314242654,1.920867502274579,OK
40956,0.9698,1.0,,2.0942652804369932,OK
24328,0.3554,4.0,1.8105455645522632,1.970021531972233,OK
89836,0.1362,4.0,,2.0091826661225927,OK
86092,0.9572,1.0,-1.3996616076799988,1.9269811521157534,OK
75478,0.4253,2.0,-2.176972296064714,2.0514261929646027,OK
44382,0.6757,2.0,-0.40912374617589603,1.946787462039601,OK
87663,0.6275,5.0,11.161099955057631,1.926343486979266,OK
10887,0.369,4.0,5.799660560690385,1.9887121484938401,OK
72863,0.0211,1.0,-0.15017934046649467,1.9812568068726635,OK
66460,0.9221,5.0,-23.129136020952085,1.9734721486851243,OK
74598,0.4804,1.0,0.3206414403442762,2.037097937482059,OK
23154,0.0466,5.0,6.249306684198705,2.03242738358784,OK
56204,0.4497,2.0,0.9529325384693264,2.0221201465018046,OK
59257,0.794,4.0,-1.4451661994004874,1.9850694352790987,OK
16129,0.3665,2.0,2.960935082180625,2.0379869982640586,OK
86075,0.789,4.0,15.152885686725423,1.9299792683892159,OK
24334,0.574,3.0,49.550521774718575,1.9476703872375534,OK
46846,0.959,2.0,1.014185114448883,1.9645689763425058,OK
44605,0.6554,4.0,13.598152152760262,1.9322060008002988,OK
21660,0.3594,4.0,-2.1890891257892875,2.0116084311474594,OK
74180,0.5122,3.0,,1.9590302847367869,OK
76043,0.3029,3.0,-5.165033206586743,2.005400582031117,OK
26174,0.0761,3.0,-0.345368801458049,2.0567452597952687,OK
66379,0.7308,5.0,0.9407045247441204,1.9645164226972,OK
14765,0.2431,1.0,0.4331141082518378,2.066047899908379,OK
86100,0.6969,5.0,34.83268335879337,1.9383120599354327,OK
54619,0.4892,5.0,,1.9794774626041922,OK
13817,0.8733,1.0,-0.5962808384623092,1.9655478300759008,OK
65882,0.9976,1.0,-0.9252425994442142,2.014301069089561,OK
91039,0.7085,3.0,6.981802648347391,2.0940174735135697,OK
72380,0.5129,2.0,-0.29669808324560976,2.001615210700845,OK
93465,0.0295,4.0,-4.243890532232082,2.0358482238440057,OK
50374,0.192,5.0,,1.9829721126947526,OK
43301,0.1722,1.0,-1.025785379021972,2.00165794804965,OK
91370,0.4994,5.0,11.314960579023648,1.9998093599256244,OK
60382,0.9006,3.0,,1.9593406271343634,OK
12363,0.8052,2.0,3.8863091804188894,1.9028665172031416,OK
11384,0.0794,1.0,-0.04339739749277732,1.990885611889679,OK
81005,0.1578,2.0,0.22181761555667712,1.9516418547480963,OK
42299,0.4705,2.0,-5.5876497763292745,2.001105574003426,OK
84160,0.9705,5.0,24.002685411282833,1.8923407650656379,OK
85521,0.3661,3.0,6.131087506065827,1.9445461693480475,OK
88114,0.0281,4.0,0.10313808656590379,1.8737874313256746,OK
76497,0.275,4.0,2.0352771199882875,1.9391389076683345,OK
68932,0.1205,3.0,0.28354415495179275,1.9784397662605615,OK
41464,0.6946,4.0,-10.873061326225109,2.0646438449836086,OK
25802,0.0048,1.0,-1.0165400209561581,1.9265278172856388,OK
30551,0.8721,5.0,-4.237483042185325,2.0088309520489083,OK
28399,0.0043,5.0,3.849813683113146,2.0465629019254536,OK
26726,0.4701,4.0,-2.6330209399063524,1.9605186490426991,OK
31678,0.0053,5.0,-0.01303928226091497,1.9193934022993613,OK
92085,0.8972,5.0,-42.60652282205015,1.9507432710774912,OK
83560,0.0801,2.0,0.40490421417148414,2.0120832520383334,OK
70925,0.4649,2.0,3.4797517093654595,1.977297206083652,OK
53801,0.7602,1.0,-0.47976326287704407,2.0440206181124365,OK
33363,0.4654,4.0,9.110173064715616,2.0669593845342447,OK
94685,0.4368,2.0,-1.711428311941623,2.0370206734296485,OK
34903,0.0647,5.0,1.6078351622615155,2.034007067502509,OK
26039,0.974,2.0,5.307494862379666,2.1165505108481026,OK
84556,0.6667,4.0,-19.02941734133624,1.9524171032471842,OK
48308,0.761,2.0,-2.2188409014579706,1.9795043720636625,OK
67489,0.0174,4.0,0.3715260105982271,1.9725778955384374,OK
30849,0.1956,5.0,,2.042274821632583,OK
76476,0.9106,5.0,47.16940865454653,1.905773045881384,OK
92539,0.8266,3.0,8.041725877667004,1.9868632638385588,OK
26770,0.1491,5.0,8.834780714594888,1.9447873426171338,OK
39619,0.8523,5.0,22.968959712840817,2.0537216277012416,OK
32329,0.077,4.0,-3.4756871338453523,2.0226310528322413,OK
84668,0.7875,3.0,-7.2492007910923055,2.0785875961533278,OK
23789,0.4214,2.0,-1.9386027881436094,2.0837847440107304,OK
67644,0.1861,4.0,-1.4850036946866672,2.016274259341506,OK
86437,0.1539,1.0,0.2835078833036784,2.10972533089717,OK
24044,0.6545,3.0,-7.977232434238671,1.984049708387592,OK
35262,0.9318,3.0,2.6668841666133236,2.0408732270173515,OK
54153,0.8903,4.0,-26.701281599954473,1.9277053160988529,OK
48162,0.0199,1.0,,1.9905229387566807,OK
79785,0.4604,5.0,-11.338997157560675,1.9266044237760134,OK
11094,0.364,5.0,-8.821646217167698,2.0108862324263894,OK
21542,0.0358,2.0,0.9501488619729633,1.9946914934174618,OK
18108,0.0863,2.0,2.1697545830871428,2.1012768480547175,OK
49726,0.2339,3.0,3.4325244259519168,1.9550658690540643,OK
30368,0.4595,1.0,-0.997154520439778,2.001089596753749,OK
70120,0.6919,1.0,,1.9770425172802664,OK
72182,0.9364,5.0,4.422275265761251,1.9932496696697317,OK
53120,0.4617,2.0,2.3562211496836953,1.9409771263283422,OK
60035,0.7309,3.0,,2.0960703665031337,ERROR_SYNC
70215,0.6555,3.0,-0.18338486804422527,2.013044653478208,OK
72900,0.7455,4.0,1.4827576463619256,1.9578934674212194,OK
98055,0.6228,5.0,-1.314084397710674,1.9689342883062695,OK
71537,0.4459,4.0,1.4864930887187071,2.007691154552561,OK
28083,0.4221,4.0,,2.050090255306151,OK
28398,0.7189,4.0,2.202284132061626,1.9715706429176785,OK
44380,0.5234,2.0,-1.114393821693397,2.0045198200852417,OK
45515,0.6314,3.0,,1.9713948410720745,OK
65986,0.9992,2.0,-2.2012931390667867,2.0360534095839964,OK
27955,0.831,2.0,,1.986558342200176,OK
33144,0.0809,3.0,-5.859176073378251,1.877391369506556,OK
74075,0.7071,2.0,4.745316102355303,1.9938053272091631,OK
18551,0.9164,1.0,2.5677770955930113,1.9408039693738766,OK
57386,0.1272,5.0,0.025070057889595265,1.9345083787707016,OK
90328,0.7279,5.0,2.097059459867407,2.093726150581242,OK
71207,0.0585,3.0,-2.010678515555369,1.9508975981205863,OK
16376,0.167,3.0,-0.6774587047292636,2.012872328213522,OK
11094,0.2622,3.0,-4.00843926059679,1.945202011912029,OK
78700,0.1311,4.0,-0.4382913245509852,1.9280369922770475,OK
96121,0.6517,5.0,16.3083179528265,2.012519392274765,OK
26432,0.352,3.0,-3.8520437156284517,2.0321195041912254,OK
52090,0.093,3.0,0.18433663094952024,1.9443150648881797,OK
69348,0.8391,2.0,-2.974682450518529,1.8702145521659639,OK
67560,0.6274,1.0,-0.824377680996725,2.0591062756921787,OK
76156,0.3578,4.0,-4.779428012730683,2.143544257949345,OK
83116,0.4433,5.0,,2.051696384827455,OK
34624,0.4202,1.0,-1.280732909369132,1.9865937213006422,OK
41409,0.8585,3.0,16.494099185265696,2.0095382451753565,OK
63459,0.6648,4.0,-2.9969672756345043,1.9546635135641357,OK
44276,0.0372,4.0,-2.7344735350814955,1.9852118055646972,OK
45057,0.2986,4.0,-5.482861085389182,1.9196544381599752,OK
22642,0.1275,1.0,-0.5879363977604088,2.0224551329202307,OK
44398,0.4005,2.0,-1.3484085492349058,1.9391545851825096,OK
46788,0.2765,4.0,-7.145448245834574,2.031737517337688,OK
56535,0.4454,3.0,,1.8961272988943343,OK
42405,0.2402,2.0,-0.24587351157275394,1.993459326138276,OK
26708,0.9815,3.0,-7.060283648873267,1.947653128509541,OK
85789,0.1434,5.0,0.07678852839003616,1.9830169237287079,OK
24536,0.0447,1.0,0.353632590430949,1.9382424621889178,OK
77425,0.272,5.0,7.425064039303168,1.9928355700532956,OK
20733,0.4037,5.0,-1.832246072491515,1.9587054503995658,OK
56965,0.9566,1.0,-0.7732811594675773,1.9836418091499608,OK
67791,0.7637,4.0,14.27294703429593,2.019950811908125,OK
96745,0.6739,2.0,-1.2086949404083251,2.044353127638138,OK
65530,0.9471,3.0,-1.422493893311387,2.0338013315589296,OK
99012,0.9121,1.0,,1.9610796384104705,OK
51536,0.2776,2.0,1.8196368957007443,2.061766003983513,OK
75083,0.1162,1.0,,2.0392049512643085,OK
86637,0.8356,2.0,-3.460097638809777,1.9833337141543539,OK
66112,0.7836,2.0,-0.028992532264028092,2.0742970963082152,OK
63088,0.6264,3.0,-5.496429436147022,1.991029053991058,OK
15719,0.0572,1.0,-0.17869680386117193,1.9531364291906772,OK
90942,0.7345,2.0,1.876627787528166,2.0108384159945563,OK
70883,0.6976,4.0,1.6983089338075141,1.972633109068584,OK
82032,0.8587,5.0,,2.0432405785648435,OK
41108,0.8882,3.0,-0.8492495362919348,2.006438306300631,OK
17930,0.2251,1.0,-0.8215777116677816,1.9576276920780122,OK
31366,0.8402,5.0,-0.320463185339399,2.114563049633787,OK
46755,0.0342,5.0,2.9840071479933084,2.049024965116036,OK
45293,0.1726,1.0,0.13509280450970002,2.0505119829285983,OK
42237,0.3272,3.0,4.291556681822227,1.9452725579056995,OK
98646,0.1393,4.0,0.5569435740536361,2.0526010276994993,OK
44459,0.3291,3.0,-1.1464899409555773,1.9302903627736314,OK
66674,0.5688,4.0,-16.07202531118839,2.093206207797834,OK
22018,0.286,1.0,,1.934203707710817,ERROR_SYNC
32478,0.622,2.0,1.356958512880137,2.011935108883533,OK
46295,0.638,1.0,1.0261222982210114,2.0229425803514953,OK
76993,0.3293,2.0,-3.1202074051723225,2.046086676360093,OK
28185,0.3506,4.0,2.878834431734206,2.028129194312436,OK
75000,0.5392,1.0,-0.27594835026859665,1.9791377403858597,OK
62781,0.0806,2.0,-0.4340912998776132,1.9642525700134446,OK
90371,0.7421,3.0,-8.52136109987112,2.044228425716313,OK
10892,0.9414,3.0,-19.32295739938515,2.004441745126267,OK
34548,0.3392,1.0,-1.2792281410069586,2.0822398330245813,OK
41711,0.8407,5.0,-23.9390986289373,1.9136315329878049,OK
65604,0.2518,3.0,-2.9150088301681154,1.880448024938684,OK
32625,0.1882,4.0,6.802855608174307,2.0327220419692376,OK
52542,0.1601,4.0,,2.0603749596185996,OK
14898,0.5494,5.0,10.533449879364762,1.9755731556077887,OK
54531,0.38,1.0,0.8093305183754291,2.0053015321996193,OK
14757,0.8332,2.0,3.956250658916285,2.03689368642334,OK
75025,0.451,4.0,12.737538570538787,1.8546390067617027,OK
20424,0.1224,2.0,-1.3165593353291054,1.9385950953641802,OK
14688,0.0002,1.0,0.36043437122427824,2.028648809301247,OK
